{
  "accuracy": 0.6821681808109905,
  "precision": 0.7326257265605256,
  "recall": 0.7009187620889749,
  "f1_score": 0.7164215989126406,
  "roc_auc": 0.6789733851938651
}