{
  "accuracy": 0.7100598271659649,
  "precision": 0.7649164677804295,
  "recall": 0.7129110251450677,
  "f1_score": 0.7379986985032788,
  "roc_auc": 0.7095740291700441
}