{
  "accuracy": 0.6923886549966762,
  "precision": 0.8269362109001502,
  "recall": 0.5854932301740813,
  "f1_score": 0.6855783930694751,
  "roc_auc": 0.7397302622404632
}