{
  "accuracy": 0.7218867715488588,
  "precision": 0.8508673570344965,
  "recall": 0.6237911025145068,
  "f1_score": 0.7198459864401104,
  "roc_auc": 0.7386006861120252
}