{
  "accuracy": 0.712164857079548,
  "precision": 0.8561340348933814,
  "recall": 0.5979690522243714,
  "f1_score": 0.7041339255210113,
  "roc_auc": 0.7316219742449659
}